edo_nom,mpo_nom,pob_tot,pob_acumulada,pob_tot_nal,por_pob_acumulada,mpo_incluido
Ciudad de México,Iztapalapa,1827868,1827868,119530753,1.5292,Sí
México,Ecatepec de Morelos,1677678,3505546,119530753,2.93276,Sí
Baja California,Tijuana,1641570,5147116,119530753,4.3061,Sí
Guanajuato,León,1578626,6725742,119530753,5.62679,Sí
Puebla,Puebla,1576259,8302001,119530753,6.94549,Sí
Jalisco,Guadalajara,1460148,9762149,119530753,8.16706,Sí
Chihuahua,Juárez,1391180,11153329,119530753,9.33093,Sí
Jalisco,Zapopan,1332272,12485601,119530753,10.44551,Sí
Ciudad de México,Gustavo A. Madero,1164477,13650078,119530753,11.41972,Sí
Nuevo León,Monterrey,1109171,14759249,119530753,12.34766,Sí
México,Nezahualcóyotl,1039867,15799116,119530753,13.21762,Sí
Baja California,Mexicali,988417,16787533,119530753,14.04453,Sí
Sinaloa,Culiacán,905265,17692798,119530753,14.80188,Sí
Yucatán,Mérida,892363,18585161,119530753,15.54843,Sí
Sonora,Hermosillo,884273,19469434,119530753,16.28822,Sí
Querétaro,Querétaro,878931,20348365,119530753,17.02354,Sí
Chihuahua,Chihuahua,878062,21226427,119530753,17.75813,Sí
Aguascalientes,Aguascalientes,877190,22103617,119530753,18.49199,Sí
México,Toluca,873536,22977153,119530753,19.2228,Sí
México,Naucalpan de Juárez,844219,23821372,119530753,19.92907,Sí
San Luis Potosí,San Luis Potosí,824229,24645601,119530753,20.61863,Sí
Guerrero,Acapulco de Juárez,810669,25456270,119530753,21.29684,Sí
Coahuila,Saltillo,807537,26263807,119530753,21.97243,Sí
Michoacán,Morelia,784776,27048583,119530753,22.62897,Sí
Ciudad de México,Álvaro Obregón,749982,27798565,119530753,23.25641,Sí
Quintana Roo,Benito Juárez,743626,28542191,119530753,23.87853,Sí
México,Tlalnepantla de Baz,700734,29242925,119530753,24.46477,Sí
Tabasco,Centro,684847,29927772,119530753,25.03772,Sí
Nuevo León,Guadalupe,682880,30610652,119530753,25.60902,Sí
México,Chimalhuacán,679811,31290463,119530753,26.17775,Sí
Coahuila,Torreón,679288,31969751,119530753,26.74605,Sí
Ciudad de México,Tlalpan,677104,32646855,119530753,27.31252,Sí
Jalisco,San Pedro Tlaquepaque,664193,33311048,119530753,27.86818,Sí
Durango,Durango,654876,33965924,119530753,28.41605,Sí
Tamaulipas,Reynosa,646202,34612126,119530753,28.95667,Sí
Veracruz,Veracruz,609964,35222090,119530753,29.46697,Sí
Ciudad de México,Coyoacán,608479,35830569,119530753,29.97603,Sí
Chiapas,Tuxtla Gutiérrez,598710,36429279,119530753,30.47691,Sí
Nuevo León,Apodaca,597207,37026486,119530753,30.97654,Sí
Guanajuato,Irapuato,574344,37600830,119530753,31.45703,Sí
Jalisco,Tlajomulco de Zúñiga,549442,38150272,119530753,31.9167,Sí
Jalisco,Tonalá,536111,38686383,119530753,32.36521,Sí
Ciudad de México,Cuauhtémoc,532553,39218936,119530753,32.81075,Sí
México,Cuautitlán Izcalli,531041,39749977,119530753,33.25502,Sí
México,Atizapán de Zaragoza,523296,40273273,119530753,33.69281,Sí
México,Tultitlán,520557,40793830,119530753,34.12831,Sí
Tamaulipas,Matamoros,520367,41314197,119530753,34.56365,Sí
Sinaloa,Mazatlán,502547,41816744,119530753,34.98409,Sí
México,Ixtapaluca,495563,42312307,119530753,35.39868,Sí
Guanajuato,Celaya,494304,42806611,119530753,35.81222,Sí
Baja California,Ensenada,486639,43293250,119530753,36.21934,Sí
Veracruz,Xalapa,480841,43774091,119530753,36.62161,Sí
Sinaloa,Ahome,449215,44223306,119530753,36.99743,Sí
México,Tecámac,446008,44669314,119530753,37.37056,Sí
Sonora,Cajeme,433050,45102364,119530753,37.73285,Sí
Nuevo León,San Nicolás de los Garza,430143,45532507,119530753,38.09271,Sí
Ciudad de México,Venustiano Carranza,427263,45959770,119530753,38.45016,Sí
Nuevo León,General Escobedo,425148,46384918,119530753,38.80584,Sí
Ciudad de México,Benito Juárez,417416,46802334,119530753,39.15506,Sí
Ciudad de México,Xochimilco,415933,47218267,119530753,39.50303,Sí
Nayarit,Tepic,413608,47631875,119530753,39.84905,Sí
México,Nicolás Romero,410118,48041993,119530753,40.19216,Sí
Ciudad de México,Azcapotzalco,400161,48442154,119530753,40.52694,Sí
Tamaulipas,Nuevo Laredo,399431,48841585,119530753,40.8611,Sí
México,Valle de Chalco Solidaridad,396157,49237742,119530753,41.19253,Sí
Ciudad de México,Iztacalco,390348,49628090,119530753,41.5191,Sí
Morelos,Cuernavaca,366321,49994411,119530753,41.82556,Sí
Ciudad de México,Miguel Hidalgo,364439,50358850,119530753,42.13045,Sí
Ciudad de México,Tláhuac,361593,50720443,119530753,42.43297,Sí
Chiapas,Tapachula,348156,51068599,119530753,42.72423,Sí
Tamaulipas,Victoria,346029,51414628,119530753,43.01372,Sí
México,Chalco,343701,51758329,119530753,43.30127,Sí
Durango,Gómez Palacio,342286,52100615,119530753,43.58762,Sí
Michoacán,Uruapan,334749,52435364,119530753,43.86768,Sí
Nuevo León,Juárez,333481,52768845,119530753,44.14667,Sí
Puebla,Tehuacán,319375,53088220,119530753,44.41386,Sí
Veracruz,Coatzacoalcos,319187,53407407,119530753,44.68089,Sí
Tamaulipas,Tampico,314418,53721825,119530753,44.94394,Sí
San Luis Potosí,Soledad de Graciano Sánchez,309342,54031167,119530753,45.20273,Sí
Nuevo León,Santa Catarina,296954,54328121,119530753,45.45117,Sí
Sinaloa,Guasave,295353,54623474,119530753,45.69826,Sí
México,La Paz,293725,54917199,119530753,45.94399,Sí
Baja California Sur,Los Cabos,287671,55204870,119530753,46.18466,Sí
México,Coacalco de Berriozábal,284462,55489332,119530753,46.42264,Sí
Campeche,Campeche,283025,55772357,119530753,46.65942,Sí
Hidalgo,Pachuca de Soto,277375,56049732,119530753,46.89147,Sí
Jalisco,Puerto Vallarta,275640,56325372,119530753,47.12208,Sí
Guanajuato,Salamanca,273271,56598643,119530753,47.3507,Sí
Guerrero,Chilpancingo de los Bravo,273106,56871749,119530753,47.57918,Sí
Baja California Sur,La Paz,272711,57144460,119530753,47.80733,Sí
Querétaro,San Juan del Río,268408,57412868,119530753,48.03188,Sí
México,Huixquilucan,267858,57680726,119530753,48.25597,Sí
Oaxaca,Oaxaca de Juárez,264251,57944977,119530753,48.47705,Sí
Tabasco,Cárdenas,258554,58203531,119530753,48.69335,Sí
Campeche,Carmen,248303,58451834,119530753,48.90108,Sí
Nuevo León,García,247370,58699204,119530753,49.10803,Sí
Ciudad de México,La Magdalena Contreras,243886,58943090,119530753,49.31207,Sí
México,Texcoco,240749,59183839,119530753,49.51348,Sí
Tamaulipas,Altamira,235066,59418905,119530753,49.71014,Sí
Sonora,Nogales,233952,59652857,119530753,49.90587,Sí
Coahuila,Monclova,231107,59883964,119530753,50.09921,Sí
Zacatecas,Fresnillo,230865,60114829,119530753,50.29235,Sí
México,Metepec,227827,60342656,119530753,50.48295,Sí
Quintana Roo,Othón P. Blanco,224080,60566736,119530753,50.67042,Sí
Chiapas,Ocosingo,218893,60785629,119530753,50.85355,Sí
Veracruz,Córdoba,218153,61003782,119530753,51.03606,Sí
Morelos,Jiutepec,214137,61217919,119530753,51.2152,Sí
Quintana Roo,Solidaridad,209634,61427553,119530753,51.39058,Sí
Chiapas,San Cristóbal de las Casas,209591,61637144,119530753,51.56593,Sí
Tamaulipas,Ciudad Madero,209175,61846319,119530753,51.74093,Sí
México,Chicoloapan,204107,62050426,119530753,51.91168,Sí
Tabasco,Comalcalco,201654,62252080,119530753,52.08039,Sí
Veracruz,Poza Rica de Hidalgo,200119,62452199,119530753,52.24781,Sí
Ciudad de México,Cuajimalpa de Morelos,199224,62651423,119530753,52.41448,Sí
México,Zumpango,199069,62850492,119530753,52.58102,Sí
Michoacán,Zamora,196208,63046700,119530753,52.74517,Sí
Morelos,Cuautla,194786,63241486,119530753,52.90813,Sí
Sonora,San Luis Río Colorado,192739,63434225,119530753,53.06938,Sí
Guanajuato,Silao de la Victoria,189567,63623792,119530753,53.22797,Sí
México,Zinacantepec,188927,63812719,119530753,53.38603,Sí
Tabasco,Huimanguillo,188792,64001511,119530753,53.54397,Sí
Zacatecas,Guadalupe,187918,64189429,119530753,53.70118,Sí
Colima,Manzanillo,184541,64373970,119530753,53.85557,Sí
Guanajuato,Guanajuato,184239,64558209,119530753,54.00971,Sí
Jalisco,El Salto,183437,64741646,119530753,54.16317,Sí
Michoacán,Lázaro Cárdenas,183185,64924831,119530753,54.31642,Sí
Querétaro,Corregidora,181684,65106515,119530753,54.46842,Sí
San Luis Potosí,Ciudad Valles,177022,65283537,119530753,54.61652,Sí
México,Almoloya de Juárez,176237,65459774,119530753,54.76396,Sí
Guanajuato,San Miguel de Allende,171857,65631631,119530753,54.90774,Sí
Chihuahua,Cuauhtémoc,168482,65800113,119530753,55.04869,Sí
Tabasco,Macuspana,165729,65965842,119530753,55.18734,Sí
Jalisco,Lagos de Moreno,164981,66130823,119530753,55.32536,Sí
Veracruz,San Andrés Tuxtla,164834,66295657,119530753,55.46326,Sí
Michoacán,Zitácuaro,164144,66459801,119530753,55.60059,Sí
Sonora,Navojoa,163650,66623451,119530753,55.7375,Sí
Coahuila,Piedras Negras,163595,66787046,119530753,55.87436,Sí
Oaxaca,San Juan Bautista Tuxtepec,162511,66949557,119530753,56.01032,Sí
Veracruz,Tuxpan,161829,67111386,119530753,56.14571,Sí
Veracruz,Papantla,161097,67272483,119530753,56.28048,Sí
Hidalgo,Tulancingo de Bravo,161069,67433552,119530753,56.41523,Sí
Sonora,Guaymas,158046,67591598,119530753,56.54745,Sí
Veracruz,Minatitlán,157393,67748991,119530753,56.67913,Sí
Querétaro,El Marqués,156275,67905266,119530753,56.80987,Sí
Sinaloa,Navolato,154352,68059618,119530753,56.939,Sí
Chiapas,Comitán de Domínguez,153448,68213066,119530753,57.06738,Sí
Durango,Lerdo,153311,68366377,119530753,57.19564,Sí
México,Ixtlahuaca,153184,68519561,119530753,57.32379,Sí
México,Acolman,152506,68672067,119530753,57.45138,Sí
Guanajuato,Dolores Hidalgo Cuna de la Independencia Nacional,152113,68824180,119530753,57.57864,Sí
Puebla,San Martín Texmelucan,152051,68976231,119530753,57.70584,Sí
Guerrero,Iguala de la Independencia,151660,69127891,119530753,57.83272,Sí
Colima,Colima,150673,69278564,119530753,57.95878,Sí
Guanajuato,Pénjamo,150570,69429134,119530753,58.08475,Sí
Nayarit,Bahía de Banderas,150250,69579384,119530753,58.21045,Sí
México,Tultepec,150182,69729566,119530753,58.33609,Sí
Hidalgo,Mineral de la Reforma,150176,69879742,119530753,58.46173,Sí
México,Cuautitlán,149550,70029292,119530753,58.58684,Sí
Chihuahua,Delicias,148045,70177337,119530753,58.7107,Sí
Coahuila,Acuña,147809,70325146,119530753,58.83435,Sí
México,Lerma,146654,70471800,119530753,58.95705,Sí
Zacatecas,Zacatecas,146147,70617947,119530753,59.07931,Sí
Guanajuato,Valle de Santiago,142672,70760619,119530753,59.19867,Sí
Veracruz,Boca del Río,142207,70902826,119530753,59.31764,Sí
Jalisco,Tepatitlán de Morelos,141322,71044148,119530753,59.43587,Sí
Tabasco,Cunduacán,138504,71182652,119530753,59.55175,Sí
Tabasco,Nacajuca,138366,71321018,119530753,59.6675,Sí
Ciudad de México,Milpa Alta,137927,71458945,119530753,59.7829,Sí
Puebla,San Andrés Cholula,137290,71596235,119530753,59.89775,Sí
Colima,Villa de Álvarez,136779,71733014,119530753,60.01218,Sí
Puebla,Atlixco,134364,71867378,119530753,60.12459,Sí
México,San Felipe del Progreso,134143,72001521,119530753,60.23682,Sí
Hidalgo,Huejutla de Reyes,129919,72131440,119530753,60.34551,Sí
Guerrero,Chilapa de Álvarez,129867,72261307,119530753,60.45416,Sí
Veracruz,Cosoleacaque,129527,72390834,119530753,60.56252,Sí
Puebla,San Pedro Cholula,129032,72519866,119530753,60.67047,Sí
México,Huehuetoca,128486,72648352,119530753,60.77796,Sí
Michoacán,Apatzingán,128250,72776602,119530753,60.88525,Sí
Chiapas,Chilón,127914,72904516,119530753,60.99227,Sí
Tamaulipas,Río Bravo,126887,73031403,119530753,61.09842,Sí
Veracruz,Orizaba,126005,73157408,119530753,61.20384,Sí
Guerrero,Zihuatanejo de Azueta,124824,73282232,119530753,61.30827,Sí
Colima,Tecomán,123191,73405423,119530753,61.41133,Sí
Nuevo León,San Pedro Garza García,123156,73528579,119530753,61.51436,Sí
Chiapas,Las Margaritas,122821,73651400,119530753,61.61711,Sí
Michoacán,Hidalgo,122619,73774019,119530753,61.7197,Sí
Guanajuato,San Luis de la Paz,121027,73895046,119530753,61.82095,Sí
Aguascalientes,Jesús María,120405,74015451,119530753,61.92168,Sí
Chiapas,Palenque,119826,74135277,119530753,62.02193,Sí
Guanajuato,San Francisco del Rincón,119510,74254787,119530753,62.12191,Sí
Hidalgo,Tizayuca,119442,74374229,119530753,62.22184,Sí
Tamaulipas,El Mante,117648,74491877,119530753,62.32026,Sí
Puebla,Amozoc,117244,74609121,119530753,62.41835,Sí
Morelos,Temixco,116143,74725264,119530753,62.51551,Sí
Guanajuato,San Felipe,113109,74838373,119530753,62.61014,Sí
Puebla,Cuautlancingo,112225,74950598,119530753,62.70403,Sí
Guanajuato,Acámbaro,112125,75062723,119530753,62.79783,Sí
Veracruz,Martínez de la Torre,110415,75173138,119530753,62.89021,Sí
Tabasco,Centla,110130,75283268,119530753,62.98234,Sí
Chihuahua,Hidalgo del Parral,109510,75392778,119530753,63.07396,Sí
Hidalgo,Tula de Allende,109093,75501871,119530753,63.16523,Sí
Coahuila,Matamoros,108950,75610821,119530753,63.25637,Sí
Guerrero,Taxco de Alarcón,108416,75719237,119530753,63.34708,Sí
Veracruz,Tierra Blanca,106277,75825514,119530753,63.43599,Sí
Coahuila,San Pedro,106142,75931656,119530753,63.52479,Sí
Jalisco,Zapotlán el Grande,105423,76037079,119530753,63.61298,Sí
Michoacán,Tarímbaro,105400,76142479,119530753,63.70116,Sí
Chiapas,Villaflores,104833,76247312,119530753,63.78887,Sí
Veracruz,Álamo Temapache,104694,76352006,119530753,63.87645,Sí
México,Villa Victoria,104612,76456618,119530753,63.96397,Sí
México,Temoaya,103834,76560452,119530753,64.05084,Sí
Michoacán,La Piedad,103702,76664154,119530753,64.1376,Sí
Veracruz,Tantoyuca,103616,76767770,119530753,64.22428,Sí
Puebla,Huauchinango,103509,76871279,119530753,64.31088,Sí
Morelos,Yautepec,102690,76973969,119530753,64.39679,Sí
Baja California,Tecate,102406,77076375,119530753,64.48246,Sí
Chiapas,Chiapa de Corzo,100751,77177126,119530753,64.56675,Sí
México,Atlacomulco,100675,77277801,119530753,64.65098,Sí
Veracruz,Pánuco,100549,77378350,119530753,64.7351,Sí
Sinaloa,El Fuerte,100459,77478809,119530753,64.81914,Sí
Guanajuato,Salvatierra,100391,77579200,119530753,64.90313,Sí
Morelos,Emiliano Zapata,99493,77678693,119530753,64.98637,Sí
Jalisco,Ocotlán,99461,77778154,119530753,65.06958,Sí
San Luis Potosí,Matehuala,99015,77877169,119530753,65.15241,Sí
Oaxaca,Heroica Ciudad de Juchitán de Zaragoza,98043,77975212,119530753,65.23444,Sí
México,Tenancingo,97891,78073103,119530753,65.31633,Sí
Nayarit,Santiago Ixcuintla,97820,78170923,119530753,65.39817,Sí
Puebla,Teziutlán,97590,78268513,119530753,65.47981,Sí
Baja California,Playas de Rosarito,96734,78365247,119530753,65.56074,Sí
Veracruz,Tihuatlán,96418,78461665,119530753,65.6414,Sí
Yucatán,Kanasín,96317,78557982,119530753,65.72198,Sí
Guanajuato,Cortazar,95961,78653943,119530753,65.80227,Sí
Nuevo León,Cadereyta Jiménez,95534,78749477,119530753,65.88219,Sí
Tlaxcala,Tlaxcala,95051,78844528,119530753,65.96171,Sí
Tabasco,Paraíso,94375,78938903,119530753,66.04066,Sí
México,Tepotzotlán,94198,79033101,119530753,66.11947,Sí
San Luis Potosí,Rioverde,94191,79127292,119530753,66.19827,Sí
México,San José del Rincón,93878,79221170,119530753,66.27681,Sí
Hidalgo,Ixmiquilpan,93502,79314672,119530753,66.35503,Sí
Michoacán,Pátzcuaro,93265,79407937,119530753,66.43306,Sí
Oaxaca,Santa Cruz Xoxocotlán,93188,79501125,119530753,66.51102,Sí
Tlaxcala,Huamantla,92887,79594012,119530753,66.58873,Sí
Coahuila,Ramos Arizpe,92828,79686840,119530753,66.66639,No
Guanajuato,Apaseo el Grande,92605,79779445,119530753,66.74387,Sí
San Luis Potosí,Tamazunchale,92291,79871736,119530753,66.82108,Sí
Veracruz,Coatepec,92127,79963863,119530753,66.89815,Sí
Chiapas,Ocozocoautla de Espinosa,92103,80055966,119530753,66.9752,Sí
Guanajuato,Abasolo,90990,80146956,119530753,67.05133,Sí
Campeche,Champotón,90244,80237200,119530753,67.12683,Sí
Oaxaca,Salina Cruz,89211,80326411,119530753,67.20146,Sí
Chiapas,Tonalá,89178,80415589,119530753,67.27607,Sí
Sinaloa,Sinaloa,88659,80504248,119530753,67.35024,Sí
Michoacán,Maravatío,88535,80592783,119530753,67.42431,Sí
Guerrero,Tlapa de Comonfort,87967,80680750,119530753,67.4979,Sí
México,Jilotepec,87927,80768677,119530753,67.57146,Sí
Hidalgo,Tepeji del Río de Ocampo,87442,80856119,119530753,67.64462,Sí
Chiapas,Chamula,87332,80943451,119530753,67.71768,Sí
Veracruz,Acayucan,87267,81030718,119530753,67.79069,Sí
Tabasco,Jalpa de Méndez,87249,81117967,119530753,67.86368,Sí
Nuevo León,Pesquería,87168,81205135,119530753,67.9366,No
Quintana Roo,Cozumel,86415,81291550,119530753,68.0089,Sí
México,Tenango del Valle,86380,81377930,119530753,68.08117,Sí
Sonora,Caborca,85631,81463561,119530753,68.1528,Sí
Morelos,Ayala,85521,81549082,119530753,68.22435,Sí
México,Otzolotepec,84519,81633601,119530753,68.29506,Sí
Chiapas,Cintalapa,84455,81718056,119530753,68.36572,Sí
Guanajuato,Santa Cruz de Juventino Rosas,83060,81801116,119530753,68.43521,No
Sonora,Agua Prieta,82918,81884034,119530753,68.50457,Sí
Guanajuato,Comonfort,82572,81966606,119530753,68.57365,No
Puebla,Zacatlán,82457,82049063,119530753,68.64264,Sí
Veracruz,Las Choapas,81827,82130890,119530753,68.7111,Sí
Quintana Roo,Felipe Carrillo Puerto,81742,82212632,119530753,68.77948,Sí
Puebla,Xicotepec,81455,82294087,119530753,68.84763,Sí
Sinaloa,Salvador Alvarado,81109,82375196,119530753,68.91548,Sí
Coahuila,Frontera,80991,82456187,119530753,68.98324,No
Sonora,Huatabampo,80524,82536711,119530753,69.05061,No
Puebla,Tepeaca,80507,82617218,119530753,69.11796,Sí
Jalisco,Tala,80365,82697583,119530753,69.18519,No
Yucatán,Valladolid,80313,82777896,119530753,69.25238,Sí
Nuevo León,Linares,79853,82857749,119530753,69.31919,No
Guanajuato,Purísima del Rincón,79798,82937547,119530753,69.38595,No
Chiapas,Villa Corzo,79003,83016550,119530753,69.45204,Sí
Guanajuato,San José Iturbide,78794,83095344,119530753,69.51796,No
Tlaxcala,Apizaco,78624,83173968,119530753,69.58374,Sí
Veracruz,Emiliano Zapata,78336,83252304,119530753,69.64928,Sí
México,Tejupilco,77799,83330103,119530753,69.71436,Sí
Yucatán,Tizimín,77621,83407724,119530753,69.7793,Sí
Puebla,Izúcar de Matamoros,77601,83485325,119530753,69.844220000000007,Sí
Chiapas,Tila,77554,83562879,119530753,69.9091,Sí
Oaxaca,Heroica Ciudad de Huajuapan de León,77547,83640426,119530753,69.97398,Sí
Tlaxcala,San Pablo del Monte,77242,83717668,119530753,70.0386,Sí
México,Tianguistenco,77147,83794815,119530753,70.10314,Sí
Jalisco,Arandas,77116,83871931,119530753,70.16766,No
Puebla,Tecamachalco,77061,83948992,119530753,70.23213,Sí
Chiapas,La Trinitaria,76917,84025909,119530753,70.29648,Sí
Michoacán,Tacámbaro,76661,84102570,119530753,70.36061,Sí
Michoacán,Sahuayo,76587,84179157,119530753,70.42469,Sí
Guerrero,Coyuca de Benítez,76306,84255463,119530753,70.48852,Sí
Michoacán,Zacapu,75632,84331095,119530753,70.5518,Sí
Nayarit,Compostela,75520,84406615,119530753,70.61498,No
México,San Mateo Atenco,75511,84482126,119530753,70.67815,Sí
Veracruz,Medellín de Bravo,75346,84557472,119530753,70.74119,Sí
México,Jiquipilco,74314,84631786,119530753,70.80336,Sí
Puebla,Huejotzingo,73771,84705557,119530753,70.86507,Sí
Chiapas,Frontera Comalapa,73436,84778993,119530753,70.92651,Sí
Zacatecas,Pinos,73151,84852144,119530753,70.98771,No
Chiapas,Motozintla,72967,84925111,119530753,71.04875,Sí
Veracruz,Perote,72795,84997906,119530753,71.10965,Sí
Baja California Sur,Comondú,72564,85070470,119530753,71.17036,No
Querétaro,Tequisquiapan,70742,85141212,119530753,71.22955,No
Tlaxcala,Chiautempan,70011,85211223,119530753,71.28812,Sí
Guanajuato,Yuriria,69763,85280986,119530753,71.34648,Sí
Michoacán,Jacona,69744,85350730,119530753,71.40483,Sí
Jalisco,San Juan de los Lagos,69725,85420455,119530753,71.46316,No
Michoacán,Los Reyes,69723,85490178,119530753,71.52149,Sí
Guerrero,Ayutla de los Libres,69716,85559894,119530753,71.57982,Sí
Querétaro,Cadereyta de Montes,69549,85629443,119530753,71.638,No
Coahuila,Múzquiz,69102,85698545,119530753,71.69581,No
Morelos,Xochitepec,68984,85767529,119530753,71.75353,Sí
Veracruz,Ixtaczoquitlán,68823,85836352,119530753,71.8111,Sí
Jalisco,Zapotlanejo,68519,85904871,119530753,71.86843,No
Guanajuato,Apaseo el Alto,68455,85973326,119530753,71.9257,No
Querétaro,Pedro Escobedo,68313,86041639,119530753,71.98285,No
México,Villa Guerrero,67929,86109568,119530753,72.03968,Sí
Michoacán,Puruándiro,67644,86177212,119530753,72.09627,Sí
Guerrero,Ometepec,67641,86244853,119530753,72.15286,Sí
Nuevo León,General Zuazua,67294,86312147,119530753,72.20916,No
México,Teoloyucan,66518,86378665,119530753,72.2648,Sí
Morelos,Puente de Ixtla,66435,86445100,119530753,72.32038,Sí
México,Ocoyoacac,66190,86511290,119530753,72.37576,Sí
Veracruz,Fortín,66168,86577458,119530753,72.43112,Sí
México,Acambay de Ruíz Castañeda,66034,86643492,119530753,72.48636,Sí
Puebla,Ajalpan,65854,86709346,119530753,72.54145,Sí
México,Valle de Bravo,65703,86775049,119530753,72.59642,Sí
Veracruz,Altotonga,65548,86840597,119530753,72.65126,Sí
México,Jocotitlán,65291,86905888,119530753,72.70588,Sí
Jalisco,La Barca,65055,86970943,119530753,72.76031,No
Puebla,Acajete,65048,87035991,119530753,72.81473,Sí
Chiapas,Venustiano Carranza,65009,87101e3,119530753,72.86911,Sí
Oaxaca,Santo Domingo Tehuantepec,64639,87165639,119530753,72.92319,Sí
Guerrero,Técpan de Galeana,64577,87230216,119530753,72.97722,Sí
Veracruz,Misantla,64249,87294465,119530753,73.03097,Sí
Tamaulipas,Valle Hermoso,64188,87358653,119530753,73.08467,No
Zacatecas,Río Grande,63880,87422533,119530753,73.13811,No
México,Temascalcingo,63721,87486254,119530753,73.19142,Sí
Coahuila,Sabinas,63522,87549776,119530753,73.24456,No
Chiapas,Salto de Agua,63446,87613222,119530753,73.29764,Sí
Chihuahua,Nuevo Casas Grandes,63412,87676634,119530753,73.35069,No
Sonora,Etchojoa,63216,87739850,119530753,73.40358,No
Guanajuato,Uriangato,62761,87802611,119530753,73.45608,No
Querétaro,Colón,62667,87865278,119530753,73.50851,No
Zacatecas,Sombrerete,62433,87927711,119530753,73.56074,No
México,Atenco,62392,87990103,119530753,73.61294,Sí
Sonora,Puerto Peñasco,62177,88052280,119530753,73.66496,No
Puebla,Chignahuapan,62028,88114308,119530753,73.71685,Sí
Veracruz,Tlapacoyan,61982,88176290,119530753,73.76871,Sí
Querétaro,Amealco de Bonfil,61259,88237549,119530753,73.81996,No
Jalisco,Ameca,60951,88298500,119530753,73.87095,No
Nuevo León,Montemorelos,60829,88359329,119530753,73.92184,No
Veracruz,Huatusco,60674,88420003,119530753,73.9726,Sí
Jalisco,Autlán de Navarro,60572,88480575,119530753,74.02327,No
Tabasco,Balancán,60516,88541091,119530753,74.0739,Sí
Jalisco,Atotonilco el Alto,60480,88601571,119530753,74.1245,No
Guerrero,Atoyac de Álvarez,60382,88661953,119530753,74.17501,Sí
Baja California Sur,Mulegé,60171,88722124,119530753,74.22535,No
Guanajuato,Romita,59879,88782003,119530753,74.27545,No
Tabasco,Tenosique,59814,88841817,119530753,74.32549,Sí
Sinaloa,Escuinapa,59436,88901253,119530753,74.37521,No
Zacatecas,Jerez,59125,88960378,119530753,74.42468,No
Yucatán,Progreso,59122,89019500,119530753,74.47414,Sí
Puebla,Acatzingo,59077,89078577,119530753,74.52356,Sí
Guanajuato,Villagrán,58830,89137407,119530753,74.57278,No
Campeche,Escárcega,58553,89195960,119530753,74.62177,Sí
Tabasco,Teapa,58523,89254483,119530753,74.67073,Sí
Veracruz,Coscomatepec,58479,89312962,119530753,74.71965,Sí
Coahuila,Francisco I. Madero,58360,89371322,119530753,74.76848,No
Hidalgo,Cuautepec de Hinojosa,58301,89429623,119530753,74.81725,Sí
Veracruz,Pueblo Viejo,57646,89487269,119530753,74.86548,Sí
Veracruz,Santiago Tuxtla,57466,89544735,119530753,74.91355,Sí
Nayarit,Xalisco,57418,89602153,119530753,74.96159,No
Guerrero,Teloloapan,57377,89659530,119530753,75.00959,Sí
San Luis Potosí,Mexquitic de Carmona,57184,89716714,119530753,75.05743,No
México,Melchor Ocampo,57152,89773866,119530753,75.10525,Sí
Veracruz,Cosamaloapan de Carpio,57147,89831013,119530753,75.15306,Sí
Morelos,Jojutla,57121,89888134,119530753,75.20084,Sí
México,Teotihuacán,56993,89945127,119530753,75.24852,Sí
Veracruz,Tezonapa,56956,90002083,119530753,75.29617,Sí
Veracruz,Coatzintla,56897,90058980,119530753,75.34377,Sí
México,Calimaya,56574,90115554,119530753,75.3911,No
Campeche,Calkiní,56537,90172091,119530753,75.4384,Sí
Hidalgo,Actopan,56429,90228520,119530753,75.48561,Sí
Sonora,Empalme,56177,90284697,119530753,75.53261,No
Chihuahua,Guadalupe y Calvo,56130,90340827,119530753,75.57957,No
Aguascalientes,Calvillo,56048,90396875,119530753,75.62646,No
Tamaulipas,San Fernando,55981,90452856,119530753,75.67329,No
Veracruz,Chicontepec,55844,90508700,119530753,75.72001,Sí
Puebla,Zacapoaxtla,55299,90563999,119530753,75.76627,Sí
Yucatán,Umán,55261,90619260,119530753,75.81251,Sí
Hidalgo,Tepeapulco,54373,90673633,119530753,75.858,Sí
Chiapas,Huixtla,54332,90727965,119530753,75.90345,Sí
Nuevo León,Salinas Victoria,54192,90782157,119530753,75.94879,No
Veracruz,Ixhuatlán de Madero,54132,90836289,119530753,75.99407,Sí
Aguascalientes,Rincón de Romos,53866,90890155,119530753,76.03914,No
Sinaloa,Elota,53856,90944011,119530753,76.08419,No
Sinaloa,Rosario,53773,90997784,119530753,76.12918,No
Jalisco,Encarnación de Díaz,53555,91051339,119530753,76.17399,No
Chiapas,Pijijiapan,53525,91104864,119530753,76.21877,Sí
Puebla,Tlatlauquitepec,53498,91158362,119530753,76.26352,Sí
Zacatecas,Loreto,53441,91211803,119530753,76.30823,No
Oaxaca,Santiago Pinotepa Nacional,53148,91264951,119530753,76.35269,Sí
Jalisco,Ixtlahuacán de los Membrillos,53045,91317996,119530753,76.39707,No
Hidalgo,Tezontepec de Aldama,53009,91371005,119530753,76.44142,No
Veracruz,Alvarado,52927,91423932,119530753,76.4857,Sí
Morelos,Yecapixtla,52651,91476583,119530753,76.52975,Sí
México,Villa de Allende,52641,91529224,119530753,76.57379,No
Puebla,Tlacotepec de Benito Juárez,52508,91581732,119530753,76.61772,Sí
Morelos,Tlaltizapán de Zapata,52110,91633842,119530753,76.66131,Sí
San Luis Potosí,Xilitla,52062,91685904,119530753,76.70487,No
Jalisco,Poncitlán,51944,91737848,119530753,76.74832,No
Chiapas,Berriozábal,51722,91789570,119530753,76.79159,Sí
México,Xonacatlán,51646,91841216,119530753,76.8348,Sí
Chihuahua,Camargo,51572,91892788,119530753,76.87795,No
Guerrero,Eduardo Neri,51316,91944104,119530753,76.92088,Sí
Puebla,Quecholac,50962,91995066,119530753,76.96351,Sí
México,Amecameca,50904,92045970,119530753,77.0061,Sí
Veracruz,Atzalan,50873,92096843,119530753,77.04866,Sí
Jalisco,Chapala,50738,92147581,119530753,77.09111,No
Durango,Pueblo Nuevo,50417,92197998,119530753,77.13329,No
Guanajuato,Moroleón,50377,92248375,119530753,77.17543,No
Veracruz,Catemaco,49651,92298026,119530753,77.21697,Sí
Michoacán,Salvador Escalante,49588,92347614,119530753,77.25846,No
Oaxaca,Santa Lucía del Camino,49459,92397073,119530753,77.29983,Sí
Guerrero,San Marcos,49449,92446522,119530753,77.3412,Sí
San Luis Potosí,Villa de Reyes,49385,92495907,119530753,77.38252,No
Guanajuato,Jerécuaro,49053,92544960,119530753,77.42356,No
México,Aculco,49026,92593986,119530753,77.46457,No
Tabasco,Tacotalpa,48784,92642770,119530753,77.50538,Sí
San Luis Potosí,Aquismón,48772,92691542,119530753,77.54619,No
Durango,Santiago Papasquiaro,48482,92740024,119530753,77.58675,No
Tlaxcala,Calpulalpan,48385,92788409,119530753,77.62723,Sí
Oaxaca,San Pedro Mixtepec,48336,92836745,119530753,77.66767,Sí
Chiapas,Oxchuc,48126,92884871,119530753,77.70793,Sí
Veracruz,Agua Dulce,48091,92932962,119530753,77.74816,Sí
Puebla,Cuetzalan del Progreso,47983,92980945,119530753,77.7883,Sí
Chiapas,Mapastepec,47932,93028877,119530753,77.8284,Sí
Michoacán,Buenavista,47498,93076375,119530753,77.86814,No
Oaxaca,San Pedro Pochutla,47476,93123851,119530753,77.90786,Sí
México,Tlalmanalco,47390,93171241,119530753,77.94751,Sí
Michoacán,Zinapécuaro,47327,93218568,119530753,77.9871,Sí
Sinaloa,Angostura,47207,93265775,119530753,78.02659,No
México,Villa del Carbón,47151,93312926,119530753,78.06604,No
Morelos,Tepoztlán,46946,93359872,119530753,78.10532,No
Guerrero,Tecoanapa,46812,93406684,119530753,78.14448,No
Puebla,Chalchicomula de Sesma,46778,93453462,119530753,78.18361,Sí
Veracruz,Tres Valles,46672,93500134,119530753,78.22266,Sí
Jalisco,Jocotepec,46521,93546655,119530753,78.26158,No
Aguascalientes,Pabellón de Arteaga,46473,93593128,119530753,78.30046,No
Aguascalientes,Asientos,46464,93639592,119530753,78.33933,No
Aguascalientes,San Francisco de los Romo,46454,93686046,119530753,78.37819,No
Chiapas,La Concordia,46405,93732451,119530753,78.41702,Sí
Puebla,Palmar de Bravo,46233,93778684,119530753,78.4557,No
Hidalgo,Mixquiahuala de Juárez,46224,93824908,119530753,78.49437,No
Oaxaca,Villa de Tututepec de Melchor Ocampo,46152,93871060,119530753,78.53298,Sí
Hidalgo,Huichapan,45959,93917019,119530753,78.57143,No
Oaxaca,Acatlán de Pérez Figueroa,45883,93962902,119530753,78.60981,Sí
Oaxaca,Santa María Huatulco,45680,94008582,119530753,78.64803,Sí
Chiapas,Cacahoatán,45594,94054176,119530753,78.68617,Sí
Chihuahua,Guachochi,45544,94099720,119530753,78.72428,No
Michoacán,Múgica,45484,94145204,119530753,78.76233,No
Veracruz,Amatlán de los Reyes,45430,94190634,119530753,78.80034,Sí
San Luis Potosí,Ciudad Fernández,45385,94236019,119530753,78.8383,No
Hidalgo,Zempoala,45382,94281401,119530753,78.87627,No
Sinaloa,Mocorito,45351,94326752,119530753,78.91421,No
Zacatecas,Calera,45204,94371956,119530753,78.95203,No
Chiapas,Reforma,45104,94417060,119530753,78.98976,Sí
Chiapas,La Independencia,44891,94461951,119530753,79.02732,Sí
Coahuila,Parras,44799,94506750,119530753,79.0648,No
Chihuahua,Meoqui,44752,94551502,119530753,79.10224,No
Hidalgo,Apan,44576,94596078,119530753,79.13953,No
Veracruz,Jalacingo,44488,94640566,119530753,79.17675,Sí
Chiapas,Simojovel,44295,94684861,119530753,79.21381,Sí
Guerrero,Petatlán,44263,94729124,119530753,79.25084,Sí
Nayarit,San Blas,43979,94773103,119530753,79.28763,No
Campeche,Candelaria,43879,94816982,119530753,79.32434,Sí
Veracruz,Zongolica,43871,94860853,119530753,79.36104,Sí
México,Hueypoxtla,43784,94904637,119530753,79.39767,No
Hidalgo,Acaxochitlán,43774,94948411,119530753,79.4343,No
Tamaulipas,González,43757,94992168,119530753,79.4709,No
Guerrero,San Luis Acatlán,43671,95035839,119530753,79.50744,No
Chiapas,Tenejapa,43593,95079432,119530753,79.54391,Sí
San Luis Potosí,Ebano,43569,95123001,119530753,79.58036,No
Zacatecas,Ojocaliente,43471,95166472,119530753,79.61673,No
Veracruz,Actopan,43388,95209860,119530753,79.65302,Sí
Veracruz,Isla,43349,95253209,119530753,79.68929,Sí
Veracruz,Hueyapan de Ocampo,43309,95296518,119530753,79.72552,Sí
Oaxaca,Villa de Zaachila,43279,95339797,119530753,79.76173,Sí
Coahuila,San Juan de Sabinas,43232,95383029,119530753,79.7979,No
Chiapas,Teopisca,43175,95426204,119530753,79.83402,Sí
Oaxaca,Loma Bonita,42884,95469088,119530753,79.8699,Sí
Chihuahua,Jiménez,42860,95511948,119530753,79.90575,No
Nuevo León,Ciénega de Flores,42715,95554663,119530753,79.94149,No
Tlaxcala,Zacatelco,42686,95597349,119530753,79.9772,Sí
